,id,first_name,last_name,email,gender,ip_address,country,country_code
0,447627,Nikolos,Safell,nsafell0@house.gov,Agender,79.38.93.18,,
1,998854,,,,Bigender,203.90.184.232,China,CN
2,325249,Devinne,Askam,daskam2@loc.gov,,255.197.84.69,,
3,563213,Andrew,Sanzio,asanzio3@columbia.edu,Bigender,159.53.95.150,Japan,JP
4,193283,Gilles,Zoane,gzoane4@mozilla.org,Female,53.108.15.167,China,CN
6,453102,Neda,Pinching,npinching6@ocn.ne.jp,Genderfluid,20.168.104.226,Japan,JP
7,115168,Karin,Steane,ksteane7@freewebs.com,Bigender,171.83.10.171,,
8,515155,Gregory,Shields,gshields8@xinhuanet.com,Non-binary,8.101.124.253,China,CN
11,556454,Albie,Lintill,alintillb@about.me,Genderfluid,80.116.3.7,Russia,RU
12,141533,Daffie,Smaleman,dsmalemanc@twitpic.com,Genderfluid,111.111.165.216,Mexico,MX
13,296740,Tome,Steade,tsteaded@fc2.com,Non-binary,209.221.8.207,,
14,755162,Dagmar,Treadaway,dtreadawaye@163.com,,90.86.106.168,Canada,CA
17,847942,,,,Bigender,45.102.86.78,China,CN
18,802985,,,,Genderqueer,24.204.118.160,Russia,RU
20,283095,Alejoa,Burdge,aburdgek@cnn.com,Polygender,164.93.143.149,China,CN
21,856069,Roderick,Danby,rdanbyl@gizmodo.com,Bigender,18.223.144.139,Russia,RU
22,929243,Clair,Allnatt,callnattm@behance.net,Genderqueer,44.203.229.153,Russia,RU
24,620497,Katerina,Fley,kfleyo@psu.edu,Polygender,247.149.249.168,,
25,154160,Marcel,Sherred,msherredp@newsvine.com,,132.222.14.124,Australia,AU
26,532030,Durand,Gilder,dgilderq@xinhuanet.com,Agender,38.119.42.246,China,CN
27,848598,Matthus,Hurburt,mhurburtr@bloomberg.com,,166.16.216.253,China,CN
28,440135,Sianna,Locock,slococks@example.com,Genderfluid,251.49.173.221,United Kingdom,GB
30,762218,Lara,Greathead,lgreatheadu@weibo.com,Genderqueer,39.181.76.206,Canada,CA
31,854716,Harmony,Chaman,hchamanv@engadget.com,Bigender,128.253.155.210,China,CN
35,827711,Mareah,Bristoe,mbristoez@marketwatch.com,Bigender,194.100.198.149,China,CN
37,567966,Lonny,Blackborne,lblackborne11@google.it,Female,209.159.41.238,China,CN
38,648891,Teddy,Barta,tbarta12@walmart.com,Female,234.178.87.208,,
39,944043,Francklin,Widdocks,fwiddocks13@bbc.co.uk,,251.26.84.80,China,CN
40,503022,Rae,Braunfeld,rbraunfeld14@addtoany.com,Male,50.193.57.90,United States,US
42,303937,Jarvis,Dyzart,jdyzart16@twitpic.com,Female,63.42.61.47,Brazil,BR
43,813555,Cosmo,Pryer,cpryer17@deliciousdays.com,Agender,120.242.232.192,,
44,593300,Kimberlee,Francklin,kfrancklin18@umich.edu,Male,213.130.81.196,,
45,429188,Lisa,Malloy,lmalloy19@tumblr.com,Agender,130.83.13.154,France,FR
46,751730,Corby,Stichall,cstichall1a@google.ru,Female,83.34.38.57,China,CN
47,688000,Jareb,Fickling,jfickling1b@woothemes.com,Non-binary,143.195.74.194,,
48,943885,Lotte,Girardi,lgirardi1c@pbs.org,Female,95.120.140.52,,
51,630005,Alanson,Depka,adepka1f@mozilla.com,Genderfluid,103.129.211.223,,
52,127569,Rockie,Normanvill,rnormanvill1g@yellowpages.com,Genderqueer,142.5.245.134,,
54,560360,Clayton,Dufoure,cdufoure1i@time.com,Male,217.220.235.214,United States,US
57,528308,Arliene,Howell,ahowell1l@blog.com,Agender,72.27.59.72,,
58,530898,Ariella,Freebury,afreebury1m@cargocollective.com,Non-binary,9.68.189.254,,
59,201397,Adrien,McClintock,amcclintock1n@google.it,Genderqueer,239.245.211.114,Brazil,BR
60,473723,Gardiner,Meekins,gmeekins1o@marriott.com,Agender,149.178.197.72,,
61,752955,Tim,Versey,tversey1p@irs.gov,Agender,224.183.186.196,Canada,CA
62,887584,Lettie,Danilchev,ldanilchev1q@sohu.com,Male,254.12.251.230,China,CN
63,629374,Innis,Cogdell,icogdell1r@naver.com,Genderfluid,65.79.244.19,,
65,772085,Ursola,Klima,uklima1t@arstechnica.com,Non-binary,237.139.114.107,China,CN
66,384244,Clareta,Maharey,cmaharey1u@youtu.be,,83.58.222.55,France,FR
67,635450,Marta,Yellowley,myellowley1v@dell.com,Genderqueer,164.191.221.9,Russia,RU
70,722800,Carlie,Bretland,cbretland1y@europa.eu,Genderqueer,244.230.182.68,Brazil,BR
72,340393,Sawyer,Onn,sonn20@princeton.edu,Male,170.35.139.119,United States,US
73,489744,Wylma,Missington,wmissington21@tuttocitta.it,Male,167.118.202.87,China,CN
74,941254,Dag,Densell,ddensell22@timesonline.co.uk,Genderfluid,240.108.79.200,China,CN
75,772243,,,,,20.29.169.224,China,CN
77,982540,Dermot,Skirlin,dskirlin25@go.com,Bigender,190.218.91.236,China,CN
80,917283,Aubert,Duigenan,aduigenan28@nature.com,Female,19.84.28.170,China,CN
82,559170,Mendel,Stolberg,mstolberg2a@dailymail.co.uk,Agender,36.99.37.89,China,CN
83,207639,Perl,Minchindon,pminchindon2b@earthlink.net,,51.215.249.212,,
84,226833,Nikki,Shavel,nshavel2c@tripadvisor.com,,211.3.217.219,China,CN
85,577938,,,,Polygender,189.78.167.240,,
87,306339,Joyce,Robiot,jrobiot2f@reference.com,Male,88.34.124.80,,
88,574129,Benyamin,Daton,bdaton2g@studiopress.com,,106.77.189.128,Brazil,BR
92,394573,Bonita,Gravatt,bgravatt2k@ft.com,Genderqueer,47.229.129.149,United States,US
93,722093,Moreen,Franzel,mfranzel2l@mashable.com,Female,166.46.109.201,Japan,JP
94,761585,Chrystal,Pudney,cpudney2m@gizmodo.com,Non-binary,154.111.107.213,Japan,JP
95,473035,Giselbert,Motherwell,gmotherwell2n@tinypic.com,Agender,194.53.204.190,Germany,DE
96,921298,,,,,88.184.184.248,,
97,873719,Dunstan,Nissle,dnissle2p@google.cn,Genderqueer,232.165.220.222,China,CN
98,371818,Jenifer,Shreenan,jshreenan2q@ftc.gov,Genderqueer,72.88.67.137,China,CN
99,145522,,,,Agender,63.175.11.202,,
100,348997,Janna,Ramirez,jramirez2s@youtu.be,,237.118.63.243,Brazil,BR
101,525316,Jeanie,Bouch,jbouch2t@google.fr,Non-binary,147.242.225.108,China,CN
102,285597,Melinde,Isselee,misselee2u@hugedomains.com,Bigender,177.251.42.164,China,CN
103,830991,Evie,Nimmo,enimmo2v@facebook.com,Female,6.227.104.53,Japan,JP
104,219863,Rafi,Petigrew,rpetigrew2w@nhs.uk,Female,36.185.209.155,China,CN
105,620887,Mathilde,Mackney,mmackney2x@symantec.com,Agender,159.244.132.52,,
106,455140,Peadar,Hedger,phedger2y@illinois.edu,Bigender,41.36.171.247,Japan,JP
107,737859,Kyrstin,Swaile,kswaile2z@cloudflare.com,Male,43.1.168.81,Russia,RU
108,891031,Barrie,Chevers,bchevers30@eventbrite.com,Genderfluid,185.117.243.35,China,CN
109,338480,Alfie,Barrar,abarrar31@cpanel.net,Bigender,25.4.150.97,Russia,RU
110,123443,Gherardo,Breadmore,gbreadmore32@hud.gov,Genderfluid,86.187.122.162,China,CN
111,219536,Trixie,Whitter,twhitter33@upenn.edu,Non-binary,247.125.170.88,China,CN
112,490235,Cthrine,Addie,caddie34@marketwatch.com,Agender,240.129.168.0,United States,US
113,858523,Zorina,Colson,zcolson35@blogtalkradio.com,Male,11.174.229.131,China,CN
114,110126,Mitchell,Shilliday,mshilliday36@nifty.com,Bigender,240.58.155.100,,
116,567044,,,,Bigender,46.74.67.212,United States,US
117,132201,Rogerio,Pentercost,rpentercost39@hibu.com,Non-binary,79.144.135.158,China,CN
119,605059,Roosevelt,Fildes,rfildes3b@webnode.com,Bigender,140.74.183.108,France,FR
121,917981,,,,Bigender,213.207.102.170,,
122,903237,Hadrian,Best,hbest3e@tinyurl.com,Non-binary,5.253.230.82,China,CN
123,792631,Oates,Pomroy,opomroy3f@github.com,Genderqueer,213.104.83.32,China,CN
125,590907,,,,Non-binary,147.112.243.35,China,CN
126,169240,Milissent,Woonton,mwoonton3i@bbb.org,Non-binary,241.14.247.164,Russia,RU
127,801037,Christoph,Whartonby,cwhartonby3j@slate.com,Genderqueer,173.158.42.198,China,CN
128,252559,Thomasina,Kleinhaut,tkleinhaut3k@ask.com,Polygender,50.171.17.140,China,CN
129,944177,Terri,Beacock,tbeacock3l@cnbc.com,Polygender,121.178.245.114,France,FR
130,457148,Lock,Coslitt,lcoslitt3m@who.int,Genderqueer,232.89.239.243,,
133,540294,Kennett,Solway,ksolway3p@ted.com,Bigender,105.216.159.50,China,CN
135,870140,Mechelle,Bardwell,mbardwell3r@nsw.gov.au,Genderqueer,22.14.197.73,United Kingdom,GB
137,898726,Jacques,McKeon,jmckeon3t@gmpg.org,Polygender,141.10.176.249,United Kingdom,GB
138,245657,Merissa,Hurich,mhurich3u@naver.com,Agender,199.136.173.59,Russia,RU
140,635917,Evangelina,Janecki,ejanecki3w@storify.com,Female,172.243.120.206,Russia,RU
141,627043,Brew,Frammingham,bframmingham3x@state.gov,Genderfluid,30.55.138.228,China,CN
142,741952,Galen,Blackham,gblackham3y@hao123.com,Male,47.220.144.160,Russia,RU
143,381296,Clay,Hynard,chynard3z@ox.ac.uk,Female,19.89.152.208,,
144,414264,Fredra,Loren,floren40@stanford.edu,Genderfluid,143.27.84.77,,
146,123187,Hetti,Mepham,hmepham42@hostgator.com,Genderfluid,35.84.94.174,Brazil,BR
147,797339,Johnathon,Pisco,jpisco43@discuz.net,Polygender,253.138.4.203,Russia,RU
148,542495,Roley,Keeffe,rkeeffe44@google.nl,Agender,166.87.100.115,France,FR
149,475998,Marcelle,Cahani,mcahani45@ocn.ne.jp,Genderqueer,200.67.88.72,China,CN
150,151425,Stefania,Caltun,scaltun46@cbslocal.com,Agender,42.86.167.106,United States,US
151,304849,Mervin,Staniforth,mstaniforth47@earthlink.net,Agender,232.255.65.0,China,CN
152,803254,Johna,Capron,jcapron48@prweb.com,Non-binary,59.37.53.144,Canada,CA
153,370895,Demetris,Voyce,dvoyce49@cpanel.net,Genderqueer,87.158.203.135,,
154,572043,Kerr,Canniffe,kcanniffe4a@weibo.com,Non-binary,5.144.98.202,Russia,RU
156,825271,Innis,Oleszczak,ioleszczak4c@jimdo.com,Agender,31.196.136.80,United States,US
157,983277,,,,Female,17.10.238.135,France,FR
159,678669,Sallyann,Monan,smonan4f@tiny.cc,Polygender,98.67.117.191,Russia,RU
160,304153,Codie,Boxall,cboxall4g@nba.com,Non-binary,226.177.39.109,Russia,RU
161,148118,Boothe,Marfield,bmarfield4h@yellowpages.com,Agender,0.138.13.38,China,CN
162,313080,Mame,Hauch,mhauch4i@tinypic.com,Agender,178.253.62.82,China,CN
163,663321,Chery,Hrycek,chrycek4j@godaddy.com,Bigender,233.138.222.163,China,CN
164,712310,,,,Non-binary,149.204.232.27,China,CN
165,585977,Bessie,Keeves,bkeeves4l@google.cn,Polygender,173.100.79.177,China,CN
167,412324,Sarena,Thompson,sthompson4n@oaic.gov.au,Male,245.159.234.213,China,CN
168,420893,Margalo,Wiles,mwiles4o@instagram.com,Genderqueer,21.231.164.32,Japan,JP
169,442593,Justina,Pucknell,jpucknell4p@amazon.co.uk,Agender,164.215.132.71,China,CN
170,188537,Jerome,Trimby,jtrimby4q@mozilla.org,Bigender,49.236.26.75,Russia,RU
171,466832,Teodoor,Shellcross,tshellcross4r@examiner.com,Non-binary,82.135.72.86,China,CN
172,604979,Skell,Boddis,sboddis4s@unesco.org,Genderfluid,32.249.252.78,Japan,JP
173,392396,Barbabra,Coyle,bcoyle4t@trellian.com,Female,119.111.248.198,Japan,JP
175,931710,Norine,Prestie,nprestie4v@sciencedirect.com,Genderfluid,104.116.121.227,China,CN
176,373039,Hugh,Putman,hputman4w@latimes.com,Female,131.101.160.9,Russia,RU
177,732735,,,,Male,110.215.66.29,China,CN
179,632046,Pearle,Thirlwall,pthirlwall4z@webmd.com,Polygender,13.240.94.103,China,CN
180,352663,Zorah,Callinan,zcallinan50@wp.com,Agender,56.169.47.113,,
182,166525,Jennette,Kuban,jkuban52@msu.edu,,29.89.35.173,Russia,RU
183,623755,,,,,17.130.200.188,Japan,JP
184,805511,Kristel,Lornsen,klornsen54@army.mil,Female,184.126.69.99,Australia,AU
185,717806,Nixie,Johnston,njohnston55@whitehouse.gov,Bigender,63.29.246.173,,
187,897058,Aili,Cornford,acornford57@quantcast.com,,196.138.78.191,China,CN
189,922106,Kristy,Swarbrigg,kswarbrigg59@bing.com,Polygender,149.254.246.142,,
190,169590,Smitty,Reijmers,sreijmers5a@odnoklassniki.ru,,25.72.179.27,China,CN
191,274929,Midge,Cobby,mcobby5b@bigcartel.com,,107.14.150.153,,
192,420693,Blanche,Light,blight5c@tiny.cc,Genderqueer,40.121.164.123,China,CN
196,695324,Elwyn,Stapley,estapley5g@pcworld.com,Polygender,17.105.29.15,Russia,RU
200,489390,Clari,Patriche,cpatriche5k@godaddy.com,,63.24.8.39,Brazil,BR
202,419498,Neron,Knevet,nknevet5m@storify.com,Genderfluid,46.117.159.0,China,CN
205,399360,,,,Female,221.66.205.5,Japan,JP
207,734698,Guillermo,Rudinger,grudinger5r@bandcamp.com,Male,31.89.24.105,China,CN
209,205615,Rog,Jojic,rjojic5t@mlb.com,Female,228.235.140.78,China,CN
210,959524,Neall,Screen,nscreen5u@yelp.com,Agender,171.49.235.187,United States,US
211,213600,,,,Genderqueer,144.27.18.77,China,CN
212,796243,,,,Male,146.95.198.193,,
213,907816,Veradis,Tomankowski,vtomankowski5x@ezinearticles.com,Non-binary,26.233.124.67,,
214,783275,Alberta,Windram,awindram5y@ning.com,Polygender,90.45.200.48,France,FR
215,885641,,,,Genderfluid,59.119.223.99,China,CN
216,379909,Burke,Kilday,bkilday60@hostgator.com,,45.117.211.205,United States,US
218,543918,Lina,McGraith,lmcgraith62@merriam-webster.com,Agender,124.218.95.253,Canada,CA
219,826460,Padraic,Cannop,pcannop63@omniture.com,Bigender,3.235.161.127,Russia,RU
220,357644,Hanson,Mannix,hmannix64@i2i.jp,Genderfluid,204.207.228.224,Canada,CA
222,308028,Ophelia,Tamblingson,otamblingson66@is.gd,Agender,145.232.32.2,United States,US
223,411278,Darrel,Cota,dcota67@linkedin.com,Genderfluid,88.213.127.128,China,CN
224,602830,Christoph,Najara,cnajara68@nih.gov,Male,243.252.235.243,,
226,135212,Hollis,Baudet,hbaudet6a@phoca.cz,Genderqueer,0.125.145.28,Japan,JP
227,369045,Stefan,Braksper,sbraksper6b@flickr.com,Genderfluid,203.65.60.112,China,CN
228,688647,Garrick,Giraudot,ggiraudot6c@oracle.com,Genderfluid,16.199.178.245,,
230,338054,Cherida,Fawcus,cfawcus6e@rambler.ru,Genderqueer,77.40.133.74,China,CN
231,561064,Bryce,Mompesson,bmompesson6f@theglobeandmail.com,,171.34.209.41,China,CN
232,264259,Arden,Southwell,asouthwell6g@usatoday.com,,46.82.244.204,France,FR
233,956999,Jacquelin,Mityashev,jmityashev6h@gmpg.org,,111.194.52.114,,
234,700614,Emmalyn,Addlestone,eaddlestone6i@hhs.gov,Female,82.253.141.57,China,CN
237,298902,Murdock,Cleatherow,mcleatherow6l@ucsd.edu,Non-binary,77.104.178.103,Brazil,BR
238,606503,Torre,Domenichini,tdomenichini6m@behance.net,Male,152.120.243.101,,
239,592857,Roth,Cawte,rcawte6n@marketwatch.com,Non-binary,212.45.215.79,China,CN
240,660703,Arlan,Capeloff,acapeloff6o@dell.com,Non-binary,15.222.137.148,China,CN
241,504395,Wait,Oatley,woatley6p@amazon.co.uk,,213.249.24.56,France,FR
243,821751,Dermot,Atyea,datyea6r@ocn.ne.jp,Polygender,209.134.45.49,China,CN
244,140907,Gawain,Throssell,gthrossell6s@cnbc.com,Bigender,79.124.200.90,China,CN
245,342764,Crissie,Haggarth,chaggarth6t@example.com,Non-binary,175.70.47.160,Brazil,BR
246,130798,Tana,Kettle,tkettle6u@chronoengine.com,Non-binary,237.64.246.16,,
247,477492,,,,Male,27.208.249.93,Russia,RU
248,603219,Woodie,Flynn,wflynn6w@cdc.gov,Non-binary,17.63.5.251,France,FR
249,400048,Ronica,Ashbrook,rashbrook6x@moonfruit.com,Genderqueer,170.170.243.75,United States,US
250,429296,Annaliese,Van Der Straaten,avanderstraaten6y@mediafire.com,Genderfluid,104.214.246.76,United States,US
251,512806,Jamison,McCrackem,jmccrackem6z@tripod.com,Female,38.134.234.126,China,CN
253,522426,Lew,Bootell,lbootell71@plala.or.jp,Male,124.114.16.30,,
255,672803,Oliviero,Vorley,ovorley73@xing.com,Genderqueer,21.49.204.167,China,CN
256,135752,Loralie,Tapner,ltapner74@123-reg.co.uk,Non-binary,206.12.10.208,Brazil,BR
258,760366,Claire,Canavan,ccanavan76@mediafire.com,Genderqueer,243.141.1.130,China,CN
259,562731,Claresta,De Mattei,cdemattei77@goo.ne.jp,Non-binary,186.155.143.45,China,CN
261,289980,Cary,Dressel,cdressel79@dmoz.org,,106.141.81.226,,
264,202847,Quinton,Knotte,qknotte7c@census.gov,,155.103.103.61,Brazil,BR
265,134033,Bradly,Milam,bmilam7d@dropbox.com,Agender,145.50.31.11,France,FR
266,822766,Mariana,Burnel,mburnel7e@senate.gov,Genderqueer,212.1.28.138,United States,US
267,619091,Cindelyn,Alleburton,calleburton7f@tumblr.com,Non-binary,62.245.195.11,China,CN
268,368190,Lilli,Paulich,lpaulich7g@blogspot.com,,6.145.190.46,,
269,471441,,,,Male,226.147.28.210,China,CN
270,504501,Mahmud,McFater,mmcfater7i@technorati.com,Bigender,240.199.125.216,China,CN
271,764424,Demetra,Desmond,ddesmond7j@bigcartel.com,Male,39.13.41.189,Russia,RU
273,561305,Sindee,Vedeshkin,svedeshkin7l@examiner.com,,232.145.30.49,China,CN
276,866646,Wren,Schanke,wschanke7o@chicagotribune.com,Female,1.147.144.16,,
277,351928,Kristina,Manneville,kmanneville7p@networkadvertising.org,Polygender,37.64.127.30,,
278,741000,Eimile,Warrior,ewarrior7q@creativecommons.org,Male,95.233.33.155,France,FR
283,182284,Leia,Muzzullo,lmuzzullo7v@yellowpages.com,Non-binary,102.77.74.133,Brazil,BR
285,372369,Gladys,Downes,gdownes7x@vkontakte.ru,,56.195.91.239,,
286,969268,Gabriello,Monnery,gmonnery7y@buzzfeed.com,Agender,40.199.218.194,,
287,731192,Gabi,Barthod,gbarthod7z@census.gov,,91.5.74.199,China,CN
290,778079,Gwenora,Gregol,ggregol82@mapquest.com,Agender,239.230.124.133,Russia,RU
292,357557,,,,Male,180.58.79.122,Russia,RU
293,629590,Freda,Dahmel,fdahmel85@hugedomains.com,Male,94.94.57.239,China,CN
294,712887,Garnette,Caulton,gcaulton86@intel.com,Genderfluid,5.64.109.65,Japan,JP
295,278468,Arv,Greet,agreet87@nba.com,Polygender,202.6.74.21,,
296,772002,Wright,Redfield,wredfield88@msu.edu,Non-binary,75.76.234.208,France,FR
297,988807,,,,Female,0.52.84.44,Russia,RU
298,816707,Shandy,Reder,sreder8a@digg.com,,88.200.31.23,Russia,RU
299,614718,Zorana,Riep,zriep8b@printfriendly.com,Genderfluid,112.173.140.32,United States,US
301,838516,Porty,Biever,pbiever8d@nbcnews.com,Bigender,119.87.173.164,France,FR
302,953386,Vivyan,Plowes,vplowes8e@digg.com,Female,236.139.134.223,China,CN
305,317026,Jill,Whitechurch,jwhitechurch8h@howstuffworks.com,Female,38.131.135.176,Russia,RU
306,250537,Rolando,Bantham,rbantham8i@squidoo.com,Male,54.168.75.222,China,CN
307,178049,,,,Genderfluid,143.118.78.69,United States,US
308,581456,Millisent,Fantham,mfantham8k@ocn.ne.jp,Polygender,213.136.177.84,France,FR
310,469442,Bradly,Sucre,bsucre8m@mlb.com,,230.159.53.233,China,CN
311,174309,Marve,Skeels,mskeels8n@mit.edu,Agender,195.240.59.214,Mexico,MX
313,310397,Cheryl,Thames,cthames8p@csmonitor.com,,213.100.57.135,Russia,RU
315,522408,Melinda,Magenny,mmagenny8r@furl.net,Non-binary,61.187.126.99,Russia,RU
316,228469,Marietta,Falla,mfalla8s@go.com,Female,30.212.10.77,Russia,RU
318,840469,Terri,Tutill,ttutill8u@360.cn,Male,184.97.188.205,China,CN
322,251744,Bayard,Kibbey,bkibbey8y@answers.com,Polygender,217.52.136.156,China,CN
323,376906,Mickie,Head,mhead8z@simplemachines.org,Bigender,210.232.107.14,United States,US
326,457141,Friedrich,Seiller,fseiller92@a8.net,Polygender,189.70.39.180,United States,US
329,761290,Romola,Soggee,rsoggee95@oracle.com,Polygender,28.160.169.26,China,CN
330,875048,Ced,Schukert,cschukert96@bloglovin.com,Male,232.243.186.162,China,CN
332,251593,Junette,Sarfass,jsarfass98@feedburner.com,Polygender,122.192.222.4,Russia,RU
333,440161,Donna,Rouchy,drouchy99@list-manage.com,,182.13.103.174,China,CN
335,189827,,,,Agender,18.95.204.20,Brazil,BR
337,805948,Boyd,Farley,bfarley9d@home.pl,Bigender,183.241.136.24,,
338,191479,Marybeth,Shillito,mshillito9e@google.cn,Non-binary,84.152.77.162,,
339,447588,Tasia,Lammin,tlammin9f@drupal.org,Bigender,79.0.244.188,,
340,322298,Loy,Ovitts,lovitts9g@devhub.com,Genderfluid,247.25.58.84,China,CN
341,545208,Sarajane,Lilleman,slilleman9h@moonfruit.com,Agender,54.156.48.115,China,CN
343,431356,Hayden,Stych,hstych9j@seattletimes.com,Male,159.108.68.158,Brazil,BR
344,153931,Tobit,Pauer,tpauer9k@amazon.co.jp,Female,165.181.42.108,China,CN
345,980560,Bale,Crocumbe,bcrocumbe9l@nbcnews.com,Agender,147.77.189.169,Russia,RU
346,300699,Parke,Botcherby,pbotcherby9m@a8.net,Female,217.105.99.217,,
347,136656,,,,Bigender,178.25.138.88,China,CN
349,810521,Stephenie,Swanbourne,sswanbourne9p@blogger.com,,150.227.248.210,,
351,132171,Dierdre,Weyman,dweyman9r@google.com.br,Agender,214.204.90.184,Russia,RU
352,470592,,,,,146.197.230.115,China,CN
353,167336,Upton,Behling,ubehling9t@blog.com,Polygender,20.24.215.69,China,CN
354,476097,Tristam,De Blase,tdeblase9u@tripadvisor.com,Non-binary,124.57.161.7,Mexico,MX
355,768256,Nikkie,Paskell,npaskell9v@wikimedia.org,Agender,243.129.56.164,Russia,RU
356,586467,,,,Genderfluid,5.178.18.40,United States,US
357,454294,Amalie,Bristow,abristow9x@dmoz.org,Female,54.55.138.128,France,FR
358,237760,Lek,Kielt,lkielt9y@jiathis.com,Polygender,79.82.155.64,China,CN
359,860714,Mirabelle,Staite,mstaite9z@prnewswire.com,Female,81.204.236.232,,
360,606547,Benson,Hazeltine,bhazeltinea0@mapy.cz,Non-binary,46.175.116.45,Japan,JP
361,400111,Shelley,Halden,shaldena1@edublogs.org,Male,89.196.120.244,,
362,236974,Esmaria,Shawell,eshawella2@trellian.com,Bigender,155.247.151.1,Canada,CA
364,660015,Yvon,Kinningley,ykinningleya4@networkadvertising.org,,140.113.220.185,Canada,CA
366,992898,,,,Genderfluid,42.86.243.63,,
367,380878,Ulric,Kesteven,ukestevena7@twitpic.com,Genderfluid,146.193.246.126,China,CN
368,599054,Tamiko,Pooly,tpoolya8@odnoklassniki.ru,Agender,61.112.179.61,France,FR
369,357073,Iago,Tancock,itancocka9@t.co,,228.209.21.133,China,CN
370,767419,Shel,Neath,sneathaa@baidu.com,Bigender,39.32.177.128,Brazil,BR
371,873341,Lillian,Quakley,lquakleyab@irs.gov,Male,222.202.234.138,Russia,RU
376,986857,Piggy,Blackaller,pblackallerag@pen.io,,158.196.208.252,Brazil,BR
377,346663,Antonina,Breadon,abreadonah@illinois.edu,,102.151.136.34,,
378,145189,Curry,Celes,ccelesai@blinklist.com,,243.17.20.193,,
379,289442,Lief,Gorce,lgorceaj@mac.com,Genderqueer,174.227.141.206,Russia,RU
380,252049,William,Edmott,wedmottak@google.cn,Non-binary,172.122.86.223,,
382,557176,Stephana,Rumming,srummingam@senate.gov,Genderqueer,130.197.165.214,China,CN
384,839223,Sarine,Abella,sabellaao@nifty.com,Bigender,9.139.244.237,,
385,944300,,,,Genderfluid,115.55.198.94,China,CN
386,358836,Keir,Dedenham,kdedenhamaq@twitpic.com,Non-binary,151.213.41.222,,
387,186479,Kelcey,Belison,kbelisonar@seattletimes.com,Polygender,32.192.105.126,,
388,662899,Riordan,McRae,rmcraeas@nih.gov,Genderqueer,8.203.196.33,China,CN
389,279581,Jada,Pawel,jpawelat@wired.com,Non-binary,75.87.198.228,,
390,849554,Yard,Dreakin,ydreakinau@ask.com,Genderqueer,96.231.133.163,France,FR
391,408354,Madeline,Darnell,mdarnellav@360.cn,Non-binary,187.72.235.147,China,CN
393,403009,Silas,Abrahm,sabrahmax@moonfruit.com,Bigender,9.64.226.151,,
395,984947,Clarey,Grix,cgrixaz@umn.edu,Female,118.106.105.186,,
396,330414,Harriett,Frayling,hfraylingb0@creativecommons.org,Genderfluid,22.45.78.49,China,CN
398,764669,Giralda,O'Crigane,gocriganeb2@umich.edu,Male,82.248.33.95,Russia,RU
401,988616,Rois,Eddowis,reddowisb5@artisteer.com,Non-binary,37.157.74.168,China,CN
403,213843,Broderick,Mintoff,bmintoffb7@aboutads.info,Bigender,167.165.129.4,,
404,885183,Gabriele,Oldam,goldamb8@engadget.com,Female,190.152.93.172,,
405,221923,Gunner,Broomer,gbroomerb9@latimes.com,Agender,65.228.246.245,,
407,882088,Doralin,Keasey,dkeaseybb@ibm.com,Polygender,254.121.176.184,Brazil,BR
409,654800,Clareta,Benford,cbenfordbd@wikimedia.org,Genderqueer,246.241.184.101,China,CN
410,259598,Peter,Dalby,pdalbybe@opensource.org,Non-binary,0.72.90.3,,
411,162965,Nan,Decaze,ndecazebf@imageshack.us,Polygender,206.82.188.91,China,CN
414,746107,Otto,Falkner,ofalknerbi@paypal.com,Polygender,54.21.206.77,France,FR
415,761646,,,,,182.161.217.192,China,CN
416,608863,,,,Female,76.28.65.134,United States,US
421,458883,Maynard,Barnett,mbarnettbp@hhs.gov,Bigender,240.64.216.14,China,CN
422,636373,Ardenia,Radloff,aradloffbq@360.cn,,172.211.183.246,Brazil,BR
424,335171,Juline,Gladeche,jgladechebs@dailymotion.com,Genderfluid,115.22.210.238,China,CN
425,782744,,,,,36.35.248.56,China,CN
428,781111,Salmon,Moppett,smoppettbw@fastcompany.com,Non-binary,214.110.241.82,,
429,241457,Carmel,Gunthorpe,cgunthorpebx@msu.edu,Bigender,100.222.63.206,Brazil,BR
432,202500,Fiorenze,Penhalurick,fpenhalurickc0@patch.com,Female,148.216.247.79,Russia,RU
438,964625,Hendrika,Monni,hmonnic6@flickr.com,Bigender,114.199.209.164,United States,US
439,398081,Georas,Tythacott,gtythacottc7@photobucket.com,Genderqueer,155.55.27.191,Brazil,BR
442,202435,Buddy,Wyke,bwykeca@tmall.com,Female,158.161.177.31,Mexico,MX
443,408525,,,,Polygender,33.215.106.186,,
445,231589,,,,Non-binary,39.87.43.99,,
447,847177,Bev,Doak,bdoakcf@xrea.com,Female,22.164.51.229,China,CN
448,670054,Adelaida,Woffenden,awoffendencg@exblog.jp,Agender,247.88.32.79,China,CN
449,537060,,,,Bigender,250.158.116.245,China,CN
450,547414,Tansy,D'Souza,tdsouzaci@example.com,Female,144.83.140.181,Russia,RU
451,452279,Taylor,Godbert,tgodbertcj@sourceforge.net,Non-binary,30.107.207.162,Russia,RU
452,940375,,,,Female,127.227.251.230,China,CN
453,603175,Audrie,Moberley,amoberleycl@reverbnation.com,Female,105.160.216.164,Japan,JP
454,656701,Carlos,Christaeas,cchristaeascm@amazonaws.com,Agender,123.186.152.148,Russia,RU
456,452841,Griz,Back,gbackco@tinypic.com,Polygender,51.110.230.16,China,CN
457,934995,Dorrie,Awdry,dawdrycp@blogtalkradio.com,Agender,77.131.144.161,China,CN
459,865728,Bram,Blizard,bblizardcr@hc360.com,Male,145.226.93.168,China,CN
461,832044,Brock,Rose,brosect@cargocollective.com,Male,104.78.75.188,,
462,328958,Asia,Isitt,aisittcu@fastcompany.com,Female,166.22.67.64,China,CN
463,367974,Lon,Sturgis,lsturgiscv@ucoz.com,Agender,171.250.205.84,China,CN
464,222091,Gothart,Darke,gdarkecw@cbslocal.com,Genderfluid,180.73.170.130,China,CN
465,533401,Georgiana,Casswell,gcasswellcx@ow.ly,Male,203.87.95.173,Russia,RU
466,987872,,,,Male,178.219.173.106,Russia,RU
468,722274,,,,Female,170.70.11.47,Russia,RU
469,164416,Tiebout,Greer,tgreerd1@theguardian.com,Agender,191.70.243.230,,
470,201344,Lowell,Matic,lmaticd2@harvard.edu,Genderqueer,13.92.154.220,,
472,204261,Margarette,Forstall,mforstalld4@amazon.com,Genderqueer,109.144.94.204,Russia,RU
473,871077,Sheffie,Antoinet,santoinetd5@uol.com.br,Genderqueer,178.85.201.237,China,CN
476,557234,Verine,Clacson,vclacsond8@github.com,Bigender,32.234.123.13,France,FR
477,888499,Zelda,Rayworth,zrayworthd9@mozilla.com,Non-binary,108.234.146.81,China,CN
478,266325,Jemie,Boyde,jboydeda@disqus.com,Female,113.68.134.122,,
480,776192,Raf,Ourtic,rourticdc@ucla.edu,Male,240.7.69.88,Brazil,BR
481,504454,Verna,Prudham,vprudhamdd@icq.com,Polygender,38.173.219.31,United States,US
485,197439,Mirabelle,Hofner,mhofnerdh@meetup.com,Bigender,217.192.192.53,China,CN
486,783224,Karalynn,Van Salzberger,kvansalzbergerdi@yellowpages.com,Bigender,25.183.122.184,China,CN
487,903387,Laureen,Davidi,ldavididj@goo.gl,Bigender,171.8.31.136,China,CN
489,977475,,,,Polygender,159.58.102.151,France,FR
490,283059,Rutherford,Ribou,rriboudm@goo.ne.jp,,71.222.223.71,Russia,RU
491,858851,Arel,Llorente,allorentedn@kickstarter.com,Male,52.79.115.160,Russia,RU
492,179993,Aldous,Cleve,aclevedo@msn.com,Agender,105.152.181.108,Brazil,BR
493,259748,Murielle,Simonds,msimondsdp@ehow.com,Polygender,33.5.123.223,,
494,809482,Julius,Lipprose,jlipprosedq@cpanel.net,,136.80.194.176,Russia,RU
495,207490,,,,Non-binary,73.157.62.219,China,CN
498,850819,Isidor,Glennie,iglenniedu@com.com,Agender,41.175.184.51,Russia,RU
499,901603,,,,Polygender,42.15.90.51,,
500,781328,Jere,Canty,jcantydw@reverbnation.com,Polygender,72.98.238.113,,
501,767500,Edd,Aleksandrev,ealeksandrevdx@seattletimes.com,Genderqueer,237.34.1.71,China,CN
503,402661,Lauren,Voaden,lvoadendz@icio.us,Agender,207.31.53.90,Russia,RU
504,253887,Anthia,Pressman,apressmane0@utexas.edu,Female,37.178.138.234,China,CN
506,966223,Shem,Halden,shaldene2@unc.edu,Polygender,249.196.107.253,,
507,855025,Elyn,McLarens,emclarense3@toplist.cz,Polygender,57.101.194.63,China,CN
508,106437,Darla,Coldwell,dcoldwelle4@blinklist.com,Male,29.179.92.103,China,CN
509,326797,Janine,Lingner,jlingnere5@theglobeandmail.com,,21.176.37.34,,
510,827806,Analise,Britto,abrittoe6@angelfire.com,Genderqueer,63.255.187.122,Japan,JP
511,798671,Shea,McCusker,smccuskere7@bigcartel.com,Genderfluid,12.52.2.71,Russia,RU
512,123424,Sydel,Donalson,sdonalsone8@fda.gov,Female,199.249.186.202,China,CN
513,434829,Eustace,Lafontaine,elafontainee9@squarespace.com,Bigender,232.4.103.24,France,FR
514,227188,,,,Agender,76.155.217.218,United States,US
518,474797,Babette,Cromblehome,bcromblehomeee@google.it,Bigender,188.38.94.212,China,CN
519,856124,Ardella,Plaister,aplaisteref@webnode.com,Polygender,242.182.243.94,United States,US
520,141863,Kathi,Ilyinykh,kilyinykheg@list-manage.com,Male,236.141.16.220,China,CN
521,253823,Leontine,Belcher,lbelchereh@people.com.cn,Bigender,200.19.201.105,,
522,299038,,,,Genderfluid,133.249.36.96,Brazil,BR
523,914515,Brandy,Joscelyn,bjoscelynej@privacy.gov.au,Agender,244.250.233.213,China,CN
524,222433,Chevy,Thurlbeck,cthurlbeckek@ehow.com,Genderfluid,67.10.170.37,China,CN
525,122535,Janeen,Donohue,jdonohueel@yahoo.co.jp,Bigender,57.154.111.176,China,CN
526,111360,,,,Agender,62.67.191.224,Mexico,MX
527,809041,Marybelle,Zincke,mzinckeen@sohu.com,Genderfluid,61.200.163.52,United States,US
528,939225,,,,Female,46.170.169.57,China,CN
529,249583,L;urette,Ousbie,lousbieep@salon.com,,122.139.209.10,,
530,561169,Buddie,Tompkins,btompkinseq@mozilla.org,Genderfluid,214.127.91.103,China,CN
531,438490,Carola,Rounding,croundinger@amazonaws.com,,155.148.94.33,Russia,RU
533,469995,Tome,Mordey,tmordeyet@free.fr,Polygender,212.136.58.210,Brazil,BR
534,120798,Alphonso,Beaglehole,abeagleholeeu@vistaprint.com,Non-binary,236.123.200.84,United States,US
535,892695,Erik,Gallimore,egallimoreev@cpanel.net,Agender,121.174.145.216,China,CN
536,669269,,,,Male,170.216.89.182,Canada,CA
537,424348,Maury,Thick,mthickex@census.gov,Male,155.116.43.176,China,CN
541,493490,Christean,McDonell,cmcdonellf1@newyorker.com,,3.146.146.72,,
542,636070,Paco,Duthie,pduthief2@smugmug.com,Non-binary,23.203.255.108,China,CN
544,624720,Deana,Morcomb,dmorcombf4@archive.org,Bigender,165.143.128.228,China,CN
546,404125,Skell,Segar,ssegarf6@hubpages.com,Genderqueer,191.45.58.124,China,CN
547,860583,Rafa,Hryniewicki,rhryniewickif7@cornell.edu,,128.23.66.124,China,CN
548,843175,Rica,Rapinett,rrapinettf8@hao123.com,Genderqueer,114.117.253.117,Brazil,BR
549,438501,Malchy,Jiggen,mjiggenf9@pcworld.com,Polygender,23.17.28.221,Brazil,BR
550,541286,Ethelind,Spolton,espoltonfa@odnoklassniki.ru,Polygender,218.16.236.65,Russia,RU
551,612013,Giustina,Derx,gderxfb@hugedomains.com,Bigender,205.51.72.63,,
552,788611,Galina,Treneman,gtrenemanfc@japanpost.jp,,208.68.69.19,China,CN
554,722541,Glen,Whitear,gwhitearfe@sakura.ne.jp,Male,68.7.68.133,Russia,RU
555,734987,Worden,Sawney,wsawneyff@weibo.com,,126.255.224.136,Brazil,BR
556,544212,Kipp,Vittet,kvittetfg@vkontakte.ru,Male,198.82.193.253,China,CN
557,115496,Jocelyn,Shipton,jshiptonfh@technorati.com,Non-binary,104.193.174.161,China,CN
558,533776,Layne,Ackrill,lackrillfi@parallels.com,,189.58.234.160,China,CN
559,435276,Hadlee,Tweedlie,htweedliefj@scribd.com,Male,177.40.169.91,China,CN
560,707806,Niall,Spencley,nspencleyfk@fastcompany.com,Genderfluid,154.234.0.209,Japan,JP
561,753541,Cullan,Bidnall,cbidnallfl@cnet.com,,213.164.226.180,Canada,CA
562,709398,Barbette,Biddulph,bbiddulphfm@si.edu,Genderqueer,201.8.179.214,United States,US
563,945708,Raine,Scurry,rscurryfn@usatoday.com,Genderfluid,212.146.211.218,,
564,331730,Dede,Usher,dusherfo@dell.com,Non-binary,221.111.108.155,China,CN
565,961614,Eugenia,Antrum,eantrumfp@etsy.com,Genderfluid,88.84.108.13,,
566,433455,Tommie,Ferreo,tferreofq@ow.ly,Bigender,20.17.71.164,China,CN
567,311793,Adair,Clare,aclarefr@google.pl,Male,154.244.245.179,,
568,984119,Rosanne,Vila,rvilafs@merriam-webster.com,Genderqueer,122.65.85.195,,
570,878582,Stefania,Linnell,slinnellfu@bloglovin.com,Bigender,175.219.99.251,China,CN
571,810155,Maximilian,Jolley,mjolleyfv@wikimedia.org,,235.52.216.158,Japan,JP
572,643194,Dick,Witherow,dwitherowfw@a8.net,Genderqueer,137.96.74.50,Japan,JP
574,248294,,,,Agender,38.255.52.147,China,CN
576,952580,Jarib,Crosher,jcrosherg0@businessinsider.com,Female,238.214.243.198,China,CN
577,201222,Klaus,Sidebotton,ksidebottong1@gizmodo.com,Polygender,60.63.44.42,Japan,JP
578,711683,,,,Non-binary,159.249.246.233,France,FR
581,505178,Jacinta,Conway,jconwayg5@bbb.org,Bigender,185.64.48.243,United States,US
582,862335,Ambrosio,Rennard,arennardg6@studiopress.com,Bigender,86.25.109.15,France,FR
585,816270,Reggy,Delgua,rdelguag9@ibm.com,Bigender,249.85.248.37,China,CN
586,852860,Micheil,Trewman,mtrewmanga@cbslocal.com,Female,137.189.47.33,China,CN
587,776907,Nisse,Rimer,nrimergb@ibm.com,Female,77.57.183.225,United States,US
588,361459,Adelaida,Breslin,abreslingc@goo.gl,Polygender,80.92.200.192,,
589,242219,Bordie,Pactat,bpactatgd@e-recht24.de,Male,234.1.98.238,,
590,417416,Durand,Tointon,dtointonge@army.mil,Female,57.88.176.216,Canada,CA
592,812270,Ally,Boyland,aboylandgg@t-online.de,Agender,175.160.74.98,China,CN
593,566504,,,,Male,159.77.80.216,United States,US
596,197568,Amelia,Koeppke,akoeppkegk@patch.com,Genderqueer,167.31.176.0,China,CN
597,515002,Gilbertine,Haselgrove,ghaselgrovegl@shinystat.com,Non-binary,103.179.242.89,Brazil,BR
598,790339,Kali,Prudence,kprudencegm@ycombinator.com,,84.21.157.85,China,CN
599,344363,Beatrix,McCoveney,bmccoveneygn@etsy.com,Non-binary,12.192.86.146,China,CN
601,912252,Dyan,Doghartie,ddoghartiegp@multiply.com,Non-binary,173.78.51.243,Japan,JP
602,788911,Matteo,Pecha,mpechagq@theglobeandmail.com,Male,81.5.154.205,,
603,883218,Francesco,Karleman,fkarlemangr@sourceforge.net,Male,184.173.22.35,,
604,463509,Silvan,Gomersal,sgomersalgs@scribd.com,Female,208.254.42.191,China,CN
605,600941,Jacobo,Barenski,jbarenskigt@thetimes.co.uk,Female,123.8.236.108,China,CN
606,795855,,,,,235.11.133.44,United States,US
610,848309,,,,Non-binary,0.178.35.138,China,CN
611,580971,Hurleigh,Southwood,hsouthwoodgz@domainmarket.com,Male,200.144.120.15,,
612,514568,Washington,Hawthorn,whawthornh0@ocn.ne.jp,Polygender,64.249.68.91,,
617,116167,Jocelyne,Gisbourn,jgisbournh5@narod.ru,,212.23.204.213,,
618,566824,,,,,191.71.187.69,Mexico,MX
619,118735,Miltie,Cashin,mcashinh7@washington.edu,Genderfluid,121.102.96.144,China,CN
621,609392,Farlee,Rozec,frozech9@house.gov,Non-binary,29.99.124.205,France,FR
623,510145,,,,,204.187.57.95,Canada,CA
624,637825,Vassily,Cantopher,vcantopherhc@bizjournals.com,Non-binary,151.80.125.212,France,FR
625,209845,Loria,Priel,lprielhd@about.com,Agender,15.62.62.232,Brazil,BR
629,218854,,,,Agender,28.111.112.198,China,CN
630,292150,Farlee,Pardey,fpardeyhi@etsy.com,Genderqueer,150.183.158.18,,
631,426527,Caldwell,McCard,cmccardhj@adobe.com,Polygender,154.190.176.117,China,CN
632,262485,Marion,Yeldham,myeldhamhk@godaddy.com,,141.33.132.248,Russia,RU
633,902261,Ax,Blanket,ablankethl@linkedin.com,,20.238.37.88,Russia,RU
634,689879,Chelsy,Traynor,ctraynorhm@state.tx.us,Genderqueer,181.3.19.203,China,CN
635,203774,Dorthy,Kentwell,dkentwellhn@stumbleupon.com,Agender,249.162.27.185,,
636,352461,Mela,Hartman,mhartmanho@typepad.com,,4.140.10.40,China,CN
638,905548,Nona,Moir,nmoirhq@vinaora.com,Bigender,18.179.220.123,Japan,JP
639,637231,Skippie,Ball,sballhr@photobucket.com,Male,56.73.103.191,Mexico,MX
642,485550,,,,Female,134.72.84.206,China,CN
644,686054,Bonnee,Totton,btottonhw@mail.ru,,115.43.156.119,Germany,DE
645,235383,Benedick,Enrique,benriquehx@state.gov,Non-binary,48.107.247.41,China,CN
648,954231,Kameko,Illston,killstoni0@mtv.com,Polygender,89.161.190.98,Russia,RU
649,214387,Laura,De-Ville,ldevillei1@phoca.cz,Bigender,199.102.150.20,Russia,RU
650,372747,Junie,Everly,jeverlyi2@home.pl,Genderfluid,138.255.203.174,,
651,714891,Maurita,Clutterham,mclutterhami3@tinypic.com,,163.94.111.11,,
653,659134,Devondra,Belitz,dbelitzi5@google.pl,Non-binary,87.250.94.56,France,FR
654,671216,Lezlie,Von Welden,lvonweldeni6@ihg.com,Polygender,137.35.197.255,China,CN
655,982504,Hanni,Matley,hmatleyi7@i2i.jp,Female,15.6.224.50,,
657,304901,,,,Agender,44.86.144.144,China,CN
659,443489,Alyce,Castelli,acastelliib@toplist.cz,,132.86.33.240,Mexico,MX
663,986677,Nina,Pancast,npancastif@ning.com,Female,115.81.108.114,China,CN
664,808488,Kimbell,Klishin,kklishinig@wp.com,Genderqueer,49.1.181.12,Brazil,BR
665,560800,Josepha,Thacker,jthackerih@sohu.com,Female,52.228.84.14,Japan,JP
666,314851,,,,Bigender,42.192.201.217,China,CN
667,990358,Tuck,Shorrock,tshorrockij@webeden.co.uk,,109.245.63.29,China,CN
668,301170,Kimmie,Fernier,kfernierik@vinaora.com,Polygender,69.226.14.104,Canada,CA
670,938077,Steffie,Achurch,sachurchim@adobe.com,Non-binary,67.10.131.106,France,FR
671,275751,Devlin,Morefield,dmorefieldin@gravatar.com,Genderqueer,89.135.254.209,France,FR
672,814213,,,,,166.106.128.108,China,CN
673,716200,Trefor,Mosley,tmosleyip@apple.com,Non-binary,204.225.45.158,Brazil,BR
674,452729,Tommi,Schutte,tschutteiq@youtu.be,Female,44.42.244.144,France,FR
675,369955,Tate,Stanett,tstanettir@china.com.cn,,243.56.106.45,,
676,337957,Ludovika,Beakes,lbeakesis@com.com,Male,81.149.76.184,Japan,JP
678,216761,Mercedes,Sivell,msivelliu@w3.org,Polygender,213.61.228.157,China,CN
679,337816,Conroy,Awty,cawtyiv@geocities.jp,Female,4.72.242.113,Mexico,MX
680,717073,Helge,Kisby,hkisbyiw@example.com,Agender,101.216.93.106,China,CN
681,527873,Claude,Shaul,cshaulix@t.co,Female,85.124.95.164,Brazil,BR
686,233756,Sara-ann,Moncrieffe,smoncrieffej2@hp.com,Agender,216.25.252.246,United States,US
687,377964,,,,,39.121.59.106,,
688,575839,Dorisa,Chadwin,dchadwinj4@tinypic.com,Agender,222.187.232.220,China,CN
690,816648,Gail,Mounce,gmouncej6@imgur.com,Non-binary,196.255.210.75,United States,US
692,756886,Balduin,Pember,bpemberj8@biblegateway.com,Male,63.177.150.10,Russia,RU
693,334388,Thayne,Perot,tperotj9@sourceforge.net,,70.101.200.98,Canada,CA
694,138502,Regina,Gasker,rgaskerja@comsenz.com,Genderfluid,15.145.83.244,China,CN
695,466947,Lenette,Guille,lguillejb@soup.io,Bigender,224.94.206.153,,
696,362518,Joannes,Irons,jironsjc@symantec.com,Bigender,56.117.178.208,China,CN
698,873492,Brant,Benjamin,bbenjaminje@icio.us,Genderqueer,154.215.213.138,Japan,JP
699,400106,Caryn,Mathis,cmathisjf@sphinn.com,Male,39.147.91.221,Mexico,MX
700,664102,Ulric,Keri,ukerijg@tmall.com,Polygender,118.119.146.51,China,CN
702,689588,Josy,Cressingham,jcressinghamji@princeton.edu,,91.230.44.153,,
704,962776,Lanny,Mordey,lmordeyjk@cpanel.net,Non-binary,143.237.180.226,China,CN
705,702501,Vincent,Filliskirk,vfilliskirkjl@bbb.org,Polygender,135.137.30.177,,
706,882943,Rurik,Barbosa,rbarbosajm@thetimes.co.uk,Agender,118.212.28.169,China,CN
707,368769,Elsa,Eates,eeatesjn@facebook.com,Non-binary,146.122.200.178,,
708,326044,Raff,Andrejs,randrejsjo@stanford.edu,Genderfluid,5.92.244.43,,
709,798590,Gerek,Lingwood,glingwoodjp@shutterfly.com,Male,141.107.220.53,,
711,310480,Jarrod,Duxbarry,jduxbarryjr@state.tx.us,,249.129.197.36,Canada,CA
712,263758,Dale,Dulanty,ddulantyjs@hatena.ne.jp,,156.19.70.134,China,CN
713,858643,Klara,Hobgen,khobgenjt@discovery.com,Genderqueer,197.176.130.116,China,CN
714,800131,Lizbeth,Bollini,lbolliniju@issuu.com,Female,55.172.89.38,United Kingdom,GB
716,245019,Brianne,Tennick,btennickjw@apple.com,Polygender,210.221.121.159,Russia,RU
717,503047,Emelita,Alster,ealsterjx@lycos.com,Female,110.240.126.56,China,CN
721,595345,Jorry,Braunle,jbraunlek1@acquirethisname.com,Female,188.79.252.247,China,CN
722,252356,Remus,Wigmore,rwigmorek2@geocities.jp,,150.152.197.160,United States,US
723,720128,Jaquith,Diggin,jdiggink3@instagram.com,,89.88.19.59,,
726,681775,Sarine,Hopkyns,shopkynsk6@ovh.net,Polygender,172.185.16.172,China,CN
728,262486,Isiahi,Worboy,iworboyk8@auda.org.au,,19.244.249.227,Russia,RU
731,324399,Marybelle,Chasmor,mchasmorkb@freewebs.com,Female,3.86.85.114,,
733,940713,Wolf,Greenslade,wgreensladekd@sogou.com,Non-binary,76.195.101.209,China,CN
734,922722,Forrester,Willmont,fwillmontke@wisc.edu,,183.94.226.132,Brazil,BR
735,122596,Rosaleen,Moralis,rmoraliskf@facebook.com,Agender,80.221.184.110,China,CN
737,898089,Carver,Looks,clookskh@amazon.de,Non-binary,66.102.52.82,China,CN
738,715960,Ingrid,Brookes,ibrookeski@tiny.cc,Female,37.130.44.241,France,FR
739,837316,Magda,Clynter,mclynterkj@gravatar.com,Genderqueer,177.137.146.151,China,CN
740,314214,Corri,Brunstan,cbrunstankk@uiuc.edu,Polygender,216.139.219.94,Brazil,BR
742,936062,Kerianne,Cliss,kclisskm@xrea.com,Genderqueer,195.154.31.112,China,CN
743,468095,Nick,Dinsell,ndinsellkn@netlog.com,Female,240.50.179.214,,
744,120189,Jessamine,Tommasetti,jtommasettiko@about.com,Bigender,22.118.222.168,China,CN
746,772533,Christophorus,Kitchingman,ckitchingmankq@sourceforge.net,,3.161.150.2,Brazil,BR
747,292289,Keri,Lansberry,klansberrykr@github.io,Agender,2.26.230.99,China,CN
748,111274,Lyndsey,Pond-Jones,lpondjonesks@wikimedia.org,,253.47.97.46,China,CN
749,974273,,,,Genderfluid,120.226.136.241,Russia,RU
750,748453,Dennie,LeEstut,dleestutku@indiegogo.com,Female,52.4.11.81,China,CN
751,883200,Coleman,Amaya,camayakv@newsvine.com,Non-binary,185.23.22.41,China,CN
752,956589,Armstrong,Sang,asangkw@theguardian.com,Bigender,165.213.89.5,,
753,238898,Judye,Sharple,jsharplekx@illinois.edu,Female,208.170.142.232,,
754,405597,Olly,Shadfourth,oshadfourthky@hatena.ne.jp,Genderfluid,246.176.162.227,China,CN
755,508594,,,,Non-binary,158.117.19.95,China,CN
758,190445,Jany,Gansbuhler,jgansbuhlerl2@businessinsider.com,Female,45.197.57.62,,
759,732911,Gareth,Langstone,glangstonel3@paypal.com,Bigender,254.225.243.7,United States,US
761,537775,James,Snaddon,jsnaddonl5@spiegel.de,Polygender,63.54.164.62,China,CN
762,911478,Rosana,Bedells,rbedellsl6@bravesites.com,,207.255.104.151,China,CN
763,288198,Padget,Paddick,ppaddickl7@netvibes.com,Genderqueer,245.213.49.195,United States,US
766,921366,Hagen,Bassick,hbassickla@buzzfeed.com,Genderqueer,202.58.141.116,China,CN
768,820924,Moritz,Kittless,mkittlesslc@xing.com,Bigender,246.30.219.172,China,CN
769,994026,,,,Non-binary,194.134.86.79,France,FR
770,577062,,,,Genderfluid,126.164.42.215,Japan,JP
771,739737,Regine,Rodgerson,rrodgersonlf@europa.eu,,85.240.163.251,China,CN
772,120523,Nevile,Dmisek,ndmiseklg@alibaba.com,Genderqueer,130.217.179.234,China,CN
777,596598,Germaine,Greber,ggreberll@wp.com,Male,37.112.152.35,Russia,RU
778,359903,Merola,Torbeck,mtorbecklm@fastcompany.com,Genderfluid,196.49.216.222,Russia,RU
779,398481,Carlo,Stare,cstareln@msn.com,Bigender,155.23.141.58,,
780,539485,Terrence,Wardel,twardello@amazon.co.uk,Polygender,163.229.64.221,China,CN
782,868827,Skippie,Melross,smelrosslq@joomla.org,Female,45.169.207.181,,
783,457490,Hilliary,Drakeley,hdrakeleylr@alibaba.com,Genderfluid,217.142.255.130,Canada,CA
784,465077,Sib,Frizzell,sfrizzellls@sbwire.com,Genderfluid,220.227.72.123,France,FR
785,772963,Derk,Simonson,dsimonsonlt@cdbaby.com,Male,98.243.209.79,China,CN
786,623187,Kearney,Hillin,khillinlu@accuweather.com,,129.178.112.151,Brazil,BR
790,181620,Patty,Schirok,pschirokly@mlb.com,Male,200.75.207.115,China,CN
792,439294,Ardene,Zisneros,azisnerosm0@nydailynews.com,Non-binary,212.243.152.53,Germany,DE
793,307289,Berna,Gerauld,bgerauldm1@dot.gov,Polygender,90.215.71.178,China,CN
794,394161,,,,Female,131.61.208.89,Japan,JP
795,736326,Tanner,Barwell,tbarwellm3@ocn.ne.jp,Non-binary,198.156.38.98,Russia,RU
796,707647,,,,Female,78.93.205.179,China,CN
800,230717,Cornie,Beadman,cbeadmanm8@taobao.com,Genderfluid,49.235.245.52,,
802,476400,Grenville,Creddon,gcreddonma@furl.net,Non-binary,7.81.135.76,,
803,937299,Almira,Bowmaker,abowmakermb@lycos.com,Genderfluid,217.35.10.158,China,CN
804,853434,Dyanna,Chinnock,dchinnockmc@adobe.com,Female,44.184.42.172,China,CN
806,266543,Anatollo,Dillinton,adillintonme@vkontakte.ru,Agender,116.248.149.116,China,CN
808,588319,Simon,Domleo,sdomleomg@washingtonpost.com,Agender,178.3.94.107,China,CN
810,306989,,,,,127.213.211.147,China,CN
811,390677,Nikolaus,Farncombe,nfarncombemj@shop-pro.jp,Female,15.193.99.69,Brazil,BR
812,856126,Kristo,Rickardsson,krickardssonmk@nydailynews.com,Bigender,41.22.162.123,China,CN
813,552132,Caspar,Rigden,crigdenml@mtv.com,Genderfluid,158.18.118.192,Brazil,BR
815,506117,Flo,Celloni,fcellonimn@microsoft.com,Genderqueer,31.56.5.86,China,CN
817,672736,,,,Genderfluid,41.33.125.229,China,CN
819,539543,Wileen,Lieber,wliebermr@github.io,Non-binary,188.22.165.99,China,CN
820,416350,Selig,Konertz,skonertzms@ftc.gov,Genderfluid,122.76.223.129,,
823,534416,Tudor,Kilpatrick,tkilpatrickmv@arstechnica.com,Non-binary,215.95.250.30,,
824,328212,Jackelyn,Chuck,jchuckmw@cdc.gov,Female,159.184.166.181,Russia,RU
825,845991,,,,Female,5.110.118.1,China,CN
829,149153,Regine,Angrock,rangrockn1@google.fr,Bigender,4.60.254.200,,
830,704926,Rudyard,Alenshev,ralenshevn2@angelfire.com,Male,116.126.27.17,China,CN
832,587629,Raye,Hellikes,rhellikesn4@comsenz.com,,139.233.195.204,Russia,RU
833,103041,Carita,Autie,cautien5@skype.com,Polygender,44.163.187.121,China,CN
835,865669,Stafani,Isakov,sisakovn7@aol.com,Female,98.187.157.121,China,CN
837,169383,Allen,Myatt,amyattn9@ameblo.jp,Male,104.239.155.242,,
838,726381,,,,Polygender,183.246.111.180,,
839,931525,Conroy,Bruni,cbruninb@storify.com,Male,115.152.20.101,Japan,JP
840,488772,Dougie,Picford,dpicfordnc@sphinn.com,Genderqueer,103.125.178.102,Russia,RU
841,685760,,,,,252.59.66.62,,
842,316464,Elene,Swayte,eswaytene@cyberchimps.com,Non-binary,245.223.189.198,China,CN
843,791101,,,,,177.244.249.217,China,CN
845,974914,Dianna,Nutkins,dnutkinsnh@mit.edu,Non-binary,31.231.212.179,China,CN
846,878184,Kate,Linnard,klinnardni@narod.ru,Polygender,244.65.72.24,China,CN
847,413915,Aurora,Scrivner,ascrivnernj@techcrunch.com,Bigender,233.209.133.228,Japan,JP
848,522951,Tiff,Raccio,traccionk@youtu.be,Genderfluid,8.165.73.164,China,CN
849,558640,Skye,Edelmann,sedelmannnl@tripadvisor.com,Male,124.105.67.174,China,CN
851,211112,Stuart,Ingle,singlenn@people.com.cn,Genderfluid,0.107.142.101,,
852,707452,Herculie,Neilus,hneilusno@youtu.be,Agender,89.37.177.253,China,CN
853,689882,Ileana,Santino,isantinonp@state.gov,Non-binary,199.103.47.215,China,CN
854,626326,Fionnula,Menico,fmeniconq@lulu.com,Agender,112.102.1.64,China,CN
855,898338,Audra,Corryer,acorryernr@google.cn,Genderqueer,104.95.113.40,Russia,RU
856,740869,Ignacio,McNellis,imcnellisns@earthlink.net,,184.245.192.117,China,CN
857,825087,Kinnie,Saggers,ksaggersnt@bbb.org,Polygender,114.188.92.147,France,FR
859,725249,Manny,Sparrowe,msparrowenv@bigcartel.com,Agender,138.41.139.235,France,FR
860,316195,Avram,Kilgannon,akilgannonnw@craigslist.org,,112.225.165.11,Russia,RU
866,990517,Breena,Sergant,bserganto2@goo.gl,Polygender,23.151.111.209,China,CN
867,308134,Eduard,Pontin,epontino3@scientificamerican.com,Male,201.38.139.215,Russia,RU
868,290342,Maureen,Bute,mbuteo4@princeton.edu,Female,224.87.114.206,China,CN
871,872394,Fionnula,Sabati,fsabatio7@google.de,Polygender,6.61.180.86,,
872,439217,Britteny,Suggett,bsuggetto8@opensource.org,Male,8.208.178.187,,
875,403900,Mureil,Winstanley,mwinstanleyob@quantcast.com,,14.156.214.77,China,CN
877,361628,Jacenta,Kleinschmidt,jkleinschmidtod@businessinsider.com,Polygender,227.122.166.51,China,CN
879,401678,Dennis,Palfreeman,dpalfreemanof@joomla.org,Female,65.176.202.171,,
880,582744,Everard,Watman,ewatmanog@deviantart.com,Genderfluid,96.106.236.129,,
881,529473,Constantine,Hensmans,chensmansoh@etsy.com,Polygender,171.129.102.63,Russia,RU
882,321932,Katherine,Jenney,kjenneyoi@deviantart.com,Genderfluid,201.115.69.216,Japan,JP
883,620635,Emelina,Sybe,esybeoj@shop-pro.jp,Genderqueer,89.217.2.116,China,CN
884,206663,Moe,Calltone,mcalltoneok@reuters.com,Agender,177.60.34.100,Brazil,BR
885,707178,,,,Bigender,249.192.55.85,France,FR
886,370259,Constantine,McGuffog,cmcguffogom@blog.com,Male,104.164.85.32,Brazil,BR
887,337326,Jacki,McVicker,jmcvickeron@qq.com,,29.232.44.205,United States,US
890,320446,Claudianus,Mival,cmivaloq@diigo.com,Bigender,4.187.117.124,China,CN
894,553101,Quinlan,Claydon,qclaydonou@printfriendly.com,Agender,99.76.43.225,,
898,799944,Gareth,Ribbon,gribbonoy@cbsnews.com,Female,226.111.225.250,China,CN
899,607773,Fonzie,Cloake,fcloakeoz@parallels.com,Female,27.79.70.144,China,CN
900,581537,Deeann,McParland,dmcparlandp0@t.co,Genderfluid,144.238.167.105,Brazil,BR
901,526961,Isaac,Fyfield,ifyfieldp1@smugmug.com,Female,254.255.212.137,China,CN
902,219642,Elsy,Braidon,ebraidonp2@businesswire.com,Male,239.74.204.84,China,CN
904,652499,Audrey,Dolohunty,adolohuntyp4@alexa.com,,237.211.206.179,,
905,141202,Marty,Jan,mjanp5@plala.or.jp,Male,22.119.57.250,China,CN
907,233011,Radcliffe,Jannaway,rjannawayp7@hp.com,Non-binary,233.140.8.86,United States,US
908,173107,Jillayne,Kneebone,jkneebonep8@bluehost.com,Non-binary,148.11.89.94,Russia,RU
909,732213,Camala,Stepney,cstepneyp9@youku.com,Female,27.0.173.178,China,CN
912,259327,Maye,Dinnage,mdinnagepc@accuweather.com,Female,180.36.89.77,Mexico,MX
914,761094,Daisey,Richens,drichenspe@weather.com,,213.223.17.244,China,CN
915,980368,,,,Male,84.139.208.63,China,CN
916,116796,,,,Bigender,172.170.64.240,China,CN
917,343026,Jyoti,Thorn,jthornph@globo.com,Genderfluid,19.151.105.149,Russia,RU
918,573143,Olimpia,Ruzicka,oruzickapi@craigslist.org,Agender,243.103.106.6,Russia,RU
920,886898,Brian,Eymer,beymerpk@g.co,Non-binary,9.28.23.233,China,CN
922,936526,,,,Male,213.238.165.168,France,FR
923,758277,Howard,Craydon,hcraydonpn@nps.gov,Genderqueer,213.242.37.127,United States,US
924,878986,Titus,Dunstan,tdunstanpo@cornell.edu,Agender,196.209.106.253,China,CN
926,624538,Oralia,Hayford,ohayfordpq@aboutads.info,Non-binary,73.129.43.202,Canada,CA
927,783063,Sayres,Band,sbandpr@huffingtonpost.com,Agender,178.175.253.12,China,CN
928,592594,Sarena,Cockell,scockellps@ebay.co.uk,Genderqueer,239.148.224.107,China,CN
929,190077,Fan,Putson,fputsonpt@etsy.com,Genderfluid,6.185.235.105,China,CN
930,880948,Cam,Jeffcock,cjeffcockpu@dailymotion.com,Agender,87.24.208.249,China,CN
934,986513,,,,Genderfluid,92.184.205.64,China,CN
936,428123,Farlee,Gorini,fgoriniq0@wordpress.org,Female,247.253.7.116,,
937,580299,Marlie,Cosgrove,mcosgroveq1@t-online.de,Genderfluid,105.127.90.159,,
938,484943,Ned,Newling,nnewlingq2@angelfire.com,Genderqueer,244.151.150.35,China,CN
939,175130,Vyky,Rogeron,vrogeronq3@biblegateway.com,Agender,102.68.127.239,China,CN
940,761201,Neel,Bramelt,nbrameltq4@ask.com,Female,164.199.120.108,China,CN
941,205864,Miner,Brocks,mbrocksq5@drupal.org,Polygender,200.43.105.130,China,CN
943,305912,Hildy,Bartkiewicz,hbartkiewiczq7@woothemes.com,Female,77.111.111.35,China,CN
944,250978,Bat,Hall,bhallq8@fotki.com,Bigender,175.21.228.121,China,CN
945,134917,Constancia,Babalola,cbabalolaq9@qq.com,,241.92.13.214,Russia,RU
948,469688,Hazel,Giberd,hgiberdqc@cnbc.com,Non-binary,73.252.125.109,Germany,DE
949,735022,Jimmy,Oscroft,joscroftqd@theglobeandmail.com,Polygender,148.200.218.244,,
950,487350,Clea,Popplestone,cpopplestoneqe@dagondesign.com,Female,84.125.152.98,Russia,RU
952,528778,Halette,Hurren,hhurrenqg@japanpost.jp,Male,17.229.40.194,China,CN
953,777325,Birgit,Daveridge,bdaveridgeqh@seesaa.net,Female,15.100.206.80,China,CN
954,572398,Gerry,Marusic,gmarusicqi@sitemeter.com,Genderqueer,100.112.184.171,Russia,RU
955,681441,Ulrika,Bayfield,ubayfieldqj@usnews.com,Female,209.238.166.136,,
956,338768,Nickolaus,Prater,npraterqk@unblog.fr,Genderqueer,103.216.203.124,China,CN
958,630601,Allin,Romaine,aromaineqm@delicious.com,,28.184.119.27,China,CN
960,294133,Fredrick,Crenage,fcrenageqo@dmoz.org,,185.252.47.37,China,CN
961,344996,Micki,Gallegos,mgallegosqp@goo.ne.jp,Genderqueer,192.91.151.104,China,CN
962,307032,Susy,De Clairmont,sdeclairmontqq@examiner.com,Genderqueer,167.133.169.173,China,CN
963,523705,Audy,Dorrian,adorrianqr@fema.gov,Female,190.35.11.220,Australia,AU
966,242643,Jasper,Thickens,jthickensqu@vkontakte.ru,Non-binary,111.247.122.84,China,CN
967,503300,Ange,Cowlam,acowlamqv@myspace.com,Bigender,111.106.186.20,United States,US
969,861900,Britta,Sokell,bsokellqx@ycombinator.com,Agender,212.36.0.82,Brazil,BR
970,477627,Carie,Ilieve,cilieveqy@infoseek.co.jp,Polygender,199.80.194.170,China,CN
971,772625,Reggis,Wondraschek,rwondraschekqz@examiner.com,Bigender,29.126.250.120,Japan,JP
973,302365,,,,Female,250.208.41.118,China,CN
974,614873,Car,Islep,cislepr2@tuttocitta.it,Male,86.178.175.80,,
975,171315,Philomena,Pennoni,ppennonir3@apple.com,Female,18.50.218.169,Russia,RU
976,426258,Martynne,Signoret,msignoretr4@miibeian.gov.cn,Genderfluid,17.125.145.95,,
977,809965,Ethelyn,Whitnell,ewhitnellr5@seattletimes.com,Male,71.153.15.168,Russia,RU
978,583140,Georas,Westoff,gwestoffr6@springer.com,Non-binary,23.168.23.160,China,CN
979,542131,Mead,Simmgen,msimmgenr7@adobe.com,,75.93.105.173,Russia,RU
980,661032,Cad,Keeltagh,ckeeltaghr8@java.com,Polygender,110.209.177.254,China,CN
981,828785,Cathlene,Fawdery,cfawderyr9@geocities.com,Female,98.78.201.33,Mexico,MX
983,721979,,,,Genderfluid,225.145.156.191,,
984,974470,Bank,Smallman,bsmallmanrc@apple.com,Female,103.49.52.116,,
986,631132,Mervin,Ellicock,mellicockre@clickbank.net,Female,49.217.106.106,Japan,JP
987,973695,Mitchael,Joslin,mjoslinrf@amazon.com,,128.178.251.156,China,CN
988,211807,Sheba,Barkley,sbarkleyrg@bandcamp.com,,50.46.247.46,China,CN
989,592237,Shanan,Agate,sagaterh@hatena.ne.jp,Genderqueer,105.246.57.213,Russia,RU
990,111906,Cy,Brumfield,cbrumfieldri@businesswire.com,Bigender,63.101.203.223,France,FR
992,771212,Suzie,Dunton,sduntonrk@slate.com,Female,222.174.187.130,China,CN
994,598437,Beth,Densell,bdensellrm@oaic.gov.au,Polygender,111.190.154.120,China,CN
995,560066,Burk,Aumerle,baumerlern@deviantart.com,Agender,253.18.73.73,China,CN
997,824750,Ilyssa,Stubbeley,istubbeleyrp@photobucket.com,Male,139.12.254.157,,
998,616417,Tammy,Mylechreest,tmylechreestrq@ucsd.edu,Female,179.18.185.131,China,CN
999,324926,Sascha,Bartens,sbartensrr@state.tx.us,Non-binary,105.60.223.61,China,CN
